{
  "PFE": 1.5208291458034514e-16,
  "NPO": 7.41333516362817e-16,
  "ATSG": 6.710373505525912e-16,
  "ATVI": 2.4992782013966544,
  "AU": 3.3396421756666593e-16,
  "AVY": 2.6053011558060793e-16,
  "AWR": 0.23707022499446806,
  "AWX": 2.6003685882680276e-16,
  "SANM": 5.561508829875761e-16,
  "AXP": 1.6459328363301311e-16,
  "AXR": 2.0418711959270929e-16,
  "AXTI": 1.0151244873799736e-16,
  "AZN": 6.496571007283537e-17,
  "BABA": 4.850633202569098e-17,
  "BAC": 2.462354745381036e-16,
  "BALL": 3.4538255958291956e-16,
  "BAX": 6.489017913887515e-16,
  "AEP": 1.418914574644197e-16,
  "BCOV": 3.142945553322199e-17,
  "SPLV": 3.461464041199944e-16,
  "BEP": 1.3682149878311884e-16,
  "SMIN": 0.3885416263172262,
  "BHP": 3.82988261029942e-16,
  "BIB": 5.270063783268373e-16,
  "BIL": 2.6421625532136224,
  "BNO": 1.7340936954876812e-16,
  "BOSC": 1.2902326000837692e-16,
  "BOX": 1.0330727370812725e-16,
  "BPMC": 3.5576365067721354e-16,
  "BRC": 4.099865711042641e-16,
  "BRK.A": 5.290340798102526e-16,
  "BRK.B": 9.243999071913917e-17,
  "BRT": 1.9171678096844265e-16,
  "BSIG": 1.0261888412211262e-16,
  "BST": 3.0657252738640157e-16,
  "BTG": 1.4479470607241244e-16,
  "ASHX": 0.43927486143411126,
  "SYK": 1.0761030612931117e-16,
  "SYLD": 1.4500630674831696e-16,
  "BZH": 3.624847127650123e-16,
  "CACC": 1.5892268028436753e-16,
  "CACI": 6.079207713448696e-16,
  "CAE": 3.2814392032377025e-17,
  "CARZ": 2.6272494283175585e-16,
  "CASY": 1.6635219993903977e-16,
  "CAT": 2.7558453369025346e-16,
  "CBOE": 1.9334879900210653e-16,
  "CCBG": 1.5558182084037567e-16,
  "CCD": 8.789998307557774e-17,
  "CCI": 8.186751165879235e-16,
  "CCK": 2.5002922895125704e-16,
  "CCOI": 1.8518904655928585,
  "CDL": 1.8978919499808427e-16,
  "CEF": 8.448515448095637e-16,
  "ASGN": 4.970820295866237e-16,
  "ASG": 7.767028886056393e-17,
  "THRM": 3.8140177573231943e-17,
  "CEN": 1.074163252254104e-15,
  "CENTA": 3.170071519506158e-16,
  "CFA": 7.536657156135235e-17,
  "CGW": 8.379963493020085e-17,
  "CHAU": 3.438070857005016e-16,
  "CHD": 4.2194807960216024e-19,
  "CHIM": 9.512535792467e-17,
  "CHIQ": 9.048400468258062e-18,
  "CIBR": 3.27079404142361e-16,
  "CIG.C": 5.503033931215282e-16,
  "CII": 3.6800574164106015e-17,
  "CLH": 1.1925901604873954e-16,
  "CLMB": 4.957207916644622e-17,
  "CLX": 0.13180965492515548,
  "CME": 2.860920332175113e-16,
  "CMI": 5.4860009236076144e-17,
  "CMS": 5.854691731421724e-16,
  "CNHI": 1.2094085475636965e-16,
  "CNQ": 4.4006912918884506e-17,
  "CNS": 2.604453965242814e-16,
  "CNTY": 6.518349583788664e-16,
  "COF": 8.192534828402991e-16,
  "COHR": 1.2712764181022608e-16,
  "COHU": 1.7882198312886983e-16,
  "COLM": 1.730206663911255e-16,
  "COO": 1.1912000590541937e-16,
  "COPX": 2.584445372646459e-16,
  "UNL": 2.7983922174747704,
  "UNP": 1.7707011358628523e-17,
  "CQP": 3.726625423903054e-16,
  "CQQQ": 1.7093568591691375e-16,
  "CSA": 3.991304599538227e-16,
  "CSGS": 2.7399940981853018e-17,
  "CSM": 1.361283164492259e-16,
  "CSV": 6.254974713240997e-17,
  "CSWC": 6.253169869592813e-17,
  "CTG": 5.951082497755081e-17,
  "CTLP": 2.255766866614938e-16,
  "CTS": 6.518737008780945e-17,
  "CUBI": 3.9949921769670614e-16,
  "ZD": 1.2816876260943722e-16,
  "CW": 7.789802164755223e-17,
  "CWBC": 0.4884641272522119,
  "CWT": 4.736948356871985e-17,
  "CYCCP": 1.635802538094748,
  "DBE": 1.4016865548759043e-16,
  "DBO": 2.5918945513247654e-16,
  "DBP": 6.505213034913027e-16,
  "DCI": 3.8368141244476036e-16,
  "DCO": 1.1639807617738627e-16,
  "DEUS": 1.3966744515239025e-16,
  "DFND": 2.331890609052962,
  "DGT": 3.3765410616264354e-16,
  "DGX": 2.0113270558641226e-16,
  "DHT": 3.397440143376772,
  "DIA": 3.0481257510145347e-16,
  "DIS": 4.618650090662899e-16,
  "DIT": 1.4747834418087247,
  "DKL": 3.337043076046732e-16,
  "DLA": 1.3349079360514306e-16,
  "DLB": 7.649790325557225e-17,
  "DOOR": 1.4992515688826402e-16,
  "DORM": 1.647743109775929e-16,
  "DOV": 1.2092692547438248e-16,
  "DRI": 1.8280839365360243e-16,
  "DSGR": 1.536825928396355e-16,
  "DSWL": 2.983371502739187,
  "DWAS": 3.6007970081675374e-17,
  "DXR": 0.13256086886438298,
  "AEM": 2.736469811881966e-16,
  "EBAY": 3.5244398316270714e-16,
  "EBR.B": 0.19093724741268542,
  "ECF": 4.108088634441967e-16,
  "ECL": 1.9758820082635613e-16,
  "EDEN": 2.9592136181830934e-16,
  "EGP": 8.08264922043477e-17,
  "ELSE": 7.211804774682677e-16,
  "EMLC": 8.807098807211496e-17,
  "EMQQ": 2.5147096032806343e-18,
  "ENV": 1.9145574690215783e-16,
  "EQAL": 3.088897558725882e-16,
  "ERIE": 0.057451909420827875,
  "ESCA": 4.796693795425072e-16,
  "ESI": 3.689051046582505e-17,
  "ESLT": 1.4996158165543303e-16,
  "ETN": 1.9716985829758002e-16,
  "ETR": 1.7116573994173965e-16,
  "EUSA": 2.131228195739528e-17,
  "EVTC": 8.596367632490682e-17,
  "EVX": 4.337006364661133e-17,
  "EWD": 5.901844193421365e-17,
  "EWI": 1.4847511074087727e-16,
  "EWMC": 1.274230116882418e-16,
  "EWT": 2.313930534937986e-16,
  "EXI": 1.0447181321820434e-16,
  "EXPD": 4.205745307660711e-18,
  "EXPO": 0.2457548775157486,
  "FAB": 4.646845467436918e-17,
  "FAF": 3.253370638406493e-17,
  "FAN": 5.276951625936272e-16,
  "FBIN": 1.0226943933267868e-15,
  "FCAP": 0.701922005902819,
  "FCNCA": 2.9738167635666766e-16,
  "FDN": 7.99985799253654e-17,
  "FDS": 3.001700390344237e-17,
  "FFTY": 1.7752595551359079e-16,
  "FLO": 0.7266476713945101,
  "FNCL": 1.7139171835269937e-16,
  "FNDB": 1.4753133763159993e-16,
  "FNK": 7.532757873684213e-17,
  "FPI": 2.5405056094368423e-16,
  "FRO": 4.900173377845244e-16,
  "FSS": 2.313089787279575e-17,
  "FSZ": 2.0292087515998808e-16,
  "FTA": 8.57038452358387e-17,
  "FTAG": 1.6413869257778175e-18,
  "FTLS": 5.491958608086099e-16,
  "FWRD": 7.807739135252023e-17,
  "SOCL": 1.713016554515116e-17,
  "FXH": 1.1279294404716937e-16,
  "FXO": 5.09492271673233e-16,
  "FXR": 1.689801518281923e-16,
  "GATX": 1.3554499553486553e-16,
  "GCBC": 0.7175023985958736,
  "GES": 2.219498405410793e-17,
  "GFF": 8.366499565301764e-17,
  "GGE": 2.933046005883405e-16,
  "PLBC": 1.0275327627233691e-16,
  "GILT": 6.62126969258526e-17,
  "GL": 6.183182571057284e-17,
  "GLD": 4.337102753370306,
  "GLTR": 1.0301040863685372e-15,
  "GLW": 2.132032946289219e-16,
  "GM": 1.8147031505953902e-16,
  "GMED": 2.2152696804201376e-16,
  "GOLD": 3.300980364782274e-17,
  "RXL": 1.693887175089896e-16,
  "GPRE": 1.2972525095549602e-16,
  "GRP.U": 3.1301218987568665e-16,
  "GS": 1.2057542678681629e-16,
  "GSLC": 3.095062895020628e-16,
  "TROX": 8.433744591439855e-17,
  "SRDX": 1.9089696044697612e-16,
  "GTN.A": 3.311984843259672e-17,
  "HD": 6.799648553968426e-17,
  "RSPM": 1.6396091063884216e-16,
  "ALLE": 1.4076373985535943e-16,
  "HEES": 1.7096857442975856e-16,
  "HEI": 7.145317416657499e-17,
  "HELE": 6.12781865369883e-18,
  "ARTNA": 1.1437605088053444,
  "RPM": 6.316545928983999e-17,
  "HES": 2.0849507292533197e-16,
  "HEWJ": 1.8811149828687617e-16,
  "HIFS": 4.7658332081987616e-17,
  "SCCO": 2.4520776965402987e-16,
  "SCHB": 2.834443087666407e-16,
  "SCHD": 1.7261579018990532e-16,
  "SCHG": 9.315481897232936e-17,
  "HOLX": 2.92360120413155e-17,
  "SCHV": 1.0617244707186548e-16,
  "SCHW": 1.6797901104080641e-16,
  "HON": 3.4020160808954153e-16,
  "SCHX": 1.3378771389623257e-16,
  "HPQ": 2.2051343590415495e-16,
  "USFR": 2.5684422669952904,
  "HSY": 5.278050582517011e-16,
  "ALL": 5.36253783818334e-17,
  "SCVL": 8.637425299214455e-16,
  "HTH": 1.5107591810264277e-17,
  "ROCK": 1.5755115325579462e-16,
  "RSPT": 1.9016157508603249e-16,
  "SPSC": 3.2397118366216566e-16,
  "HYD": 1.9136776079977196e-15,
  "VOX": 1.0265978830243034e-16,
  "VIOO": 1.4795518792942461e-16,
  "IAK": 8.458640419101163e-17,
  "SAND": 2.3147673978295712e-17,
  "ICFI": 0.3767759477637263,
  "ICL": 3.2125081379427225e-16,
  "IDHQ": 1.0880200608168597e-16,
  "FMAT": 7.296803110907142e-17,
  "TROW": 4.840172638660157e-17,
  "VTHR": 1.3307615659980707e-17,
  "FMC": 8.027470954442622e-18,
  "SFBC": 0.0679437264287733,
  "SFST": 2.2360144211434184e-16,
  "SCHM": 5.100790322491108e-17,