{"ATXS": 0.4037700205606913, "AUPH": 1.356340931285907, "AVXL": 7.135952977976376e-15, "AWH": 3.1177141053431004e-15, "AXON": 2.4113524558110665e-15, "AYRO": 3.0464258621330085e-15, "BCLI": 1.1598408497565691e-15, "BLDR": 1.5501978553762808e-15, "BLFS": 7.325649786642378e-16, "BNTC": 1.4644370134481967e-15, "CCLD": 0.6264889305069968, "CCRD": 1.082529206698426, "CDNA": 8.797189159242155e-17, "WK": 8.861397810952488e-17, "CFBK": 0.08627295296361058, "CFRX": 0.05972752939527103, "CHGG": 1.0983216508709927e-15, "CIVI": 0.013173261212491485, "COHN": 9.021769321467626e-17, "CPE": 9.187404094909665e-16, "CPRX": 0.4428833178636073, "CRMD": 2.2939531912955095e-15, "CSR": 1.1264137610598064, "WIX": 6.077695192966604e-16, "CTIC": 0.0607994539068238, "CTRN": 5.417878634383019e-16, "CYCC": 1.147771638743794e-15, "CYTK": 5.281040729726138, "CYTO": 3.3890264669783995e-16, "DDS": 7.040355150588608, "RNG": 1.3713554430113103e-15, "DPST": 2.0863852955118568e-15, "DRS": 5.254033262261804, "TRST": 0.47468344124840234, "EGY": 1.8205491697174777e-16, "EHTH": 2.9162935380763604, "ELA": 3.62094394062152, "ENG": 4.4044880563425825e-17, "ENSV": 1.2572405889706243e-15, "EPAM": 3.492339702428524e-16, "ERY": 1.2225627156925352, "EYPT": 4.584976426832406e-16, "FATE": 1.611735630431508e-16, "FIVN": 1.5892520912292614, "FTNT": 6.073008650104451e-16, "GEVO": 0.072415747219573, "GRN": 4.614204128120715, "GRVY": 1.9058166192023032, "ARWR": 1.8986351845819623e-16, "TRNS": 11.329543862635363, "GUSH": 0.06581412845024426, "HDGE": 0.27436596197515206, "HEPA": 2.374889190446185e-15, "RUN": 5.756312975276775e-16, "SCU": 2.0946603514538786e-16, "ARMP": 0.0012273954829532276, "ICAD": 6.804307764039176e-16, "SFY": 0.06444999778418274, "UONE": 1.0001625631964029e-15, "IMBI": 2.1483759008542276e-16, "SEED": 0.4482099358770611, "IMUX": 1.1001658060000544e-15, "W": 7.558176846833991e-18, "INFU": 1.5578124656672345e-16, "INOD": 2.917478147680983e-16, "IOVA": 3.461048435124582, "SLS": 1.0886417823275445e-15, "VICR": 1.9540206912753117, "VJET": 1.2682796280500566e-15, "JAKK": 4.0051716987340564e-16, "RTC": 2.009951157793941e-16, "SLP": 2.31062778470812, "ONCS": 0.3219526906385997, "ONVO": 1.1010261635054058e-15, "SLNG": 0.9595091198293138, "HOVNP": 3.1258957242461984, "KOPN": 1.1665621577748084e-16, "KPRX": 0.3996133885261209, "SNDA": 2.6587378982797514e-15, "APTO": 6.012789399448698e-16, "VKTX": 1.0221827942039798, "LIVE": 4.0524631982738175e-16, "APT": 1.8652674785874894, "KRNT": 2.770140630366173e-16, "LSCC": 3.702176493358601e-15, "PRPH": 6.676179179378491, "VERU": 5.406745013639241e-16, "OCUP": 4.249609834486313e-16, "VRTV": 8.187492290610022e-16, "LNTH": 4.3518925229238405, "SOL": 1.0619466923892104e-15, "MGNI": 2.2030485178208886e-16, "VXRT": 0.3440708421175619, "XES": 3.997523447214616, "PW": 4.4725530304359565e-17, "MSTR": 3.246575365036838e-16, "MTCH": 1.7523156131052524e-15, "MLPA": 1.4667320228387918e-15, "MTEM": 2.3885741262321957e-15, "STAA": 3.482891537826671e-16, "ACHV": 4.221747351123671e-16, "STKS": 5.024215180105696e-16, "USO": 9.398338901823507e-16, "NEO": 1.6595271586341242e-16, "FRPT": 2.6378979327575596e-15, "QUIK": 9.331653386929527e-16, "YTEN": 0.04034161412915237, "NHWK": 2.8961447659239065e-16, "NSTG": 1.6700708745148346e-16, "NTRA": 1.3121544815641941e-16, "NUGT": 1.155228630021267e-15, "NVMI": 0.01948663455973033, "PLX": 4.419203458302308e-16, "VANI": 4.138530275595976e-17, "TECL": 4.0120622003093657e-16, "PACB": 1.1027723693311018e-16, "LABD": 7.649738458914207e-16, "TDOC": 7.143113725923254e-17, "PFX": 1.4769995345397348e-15, "IDT": 2.4146230983463034e-15, "TGTX": 2.814433249847821e-16, "SAM": 1.8538168468654955e-15, "RGEN": 1.9057501010388886e-15, "SOXS": 1.5284648343158687e-16, "QURE": 5.2740030014736865, "AMRK": 6.951621670747354, "TEAM": 0.8340662416089913, "PLAG": 0.3888333186257796, "UCO": 1.011960854295243e-15, "XONE": 1.6949172340108662e-17, "RCKT": 1.2324494501817358e-15, "RCMT": 2.3178543363113473, "TURN": 9.58995772765742e-16, "SYNA": 1.3541005373252004, "PULM": 6.106521281632783e-16, "RAND": 3.2291637722553655e-16, "ALT": 0.5962965347988002, "TTGT": 7.004260568424883e-16, "VCEL": 8.268360990415705e-16}