{"SMLR": 1.0134944193999406e-14, "ATLC": 9.7385322833458, "ATNM": 2.973775046093287e-15, "AXSM": 7.718972451841105e-15, "BPTH": 1.0085107648891893e-14, "BTB": 0.6711142997758978, "BVXV": 0.32902563472130225, "CAR": 1.097503987708705, "CBL": 0.015086675117495108, "CHK": 6.123039680934746e-15, "PLUR": 1.1459749628890534, "CLFD": 38.973081967785724, "COOP": 1.5377385525546372, "CPSH": 1.1584409158648306e-15, "CRIS": 0.301147304311585, "CVM": 0.010075716184342286, "DCTH": 1.505668731521335e-15, "EAC": 3.4584876427266898e-15, "ELDN": 0.2473489821291525, "ENLV": 0.3964263813661607, "EPIX": 0.3149217981334715, "ERNA": 0.19620295123792073, "ESEA": 0.7492632339731551, "FCEL": 2.3351507246863477e-15, "GE": 8.944328135017844e-16, "GLDI": 1.0178916145552563, "GPOR": 2.2105453186430234e-17, "GRPN": 3.781473317129998e-15, "HERO": 0.5902788310984969, "HSON": 0.49249212353102595, "HUSA": 0.5297214854973604, "SMI": 1.9817226144936213, "SE": 4.995995801387791, "IPI": 1.3599559703677732e-16, "ISIG": 3.9485354324671315e-16, "ODP": 7.027626443454178e-15, "SINT": 4.936235033837588e-15, "SLVO": 9.118955868932854e-15, "OPCH": 8.61485872631285, "PERI": 1.0293468209306036, "VHI": 0.8776863270146439, "KSPN": 1.182458056260167e-16, "VTLE": 3.92389981647455e-15, "JYNT": 14.98877039068561, "LEE": 0.50350891398843, "LIQT": 3.478144482985134, "PLTM": 0.35521755411664574, "KOSS": 1.1846069287609278e-15, "OCGN": 7.092475934867626e-16, "MVIS": 2.4509676447285645e-15, "NOG": 1.2009329381692e-15, "SUNW": 2.2998069589868067e-15, "NEGG": 3.24443898732487e-15, "WKHS": 8.00384501415943e-16, "NVAX": 0.70530307384605, "AMTX": 1.7952871601595492e-15, "TNK": 0.8904953170403471, "PSTV": 0.17009647835708833, "PDS": 2.5341734499296045e-15, "ISEE": 8.542939424309099e-15, "PTN": 0.2657289871810056, "WYY": 3.222558303559752e-15, "UAN": 7.441916324113744e-15, "UAVS": 0.05716646627140265, "TPST": 1.2334807878717644, "REE": 0.046065733320203785, "RENN": 1.0957656140134202, "REPX": 0.3568171242669128, "RETL": 5.158971672592227e-15, "RIOT": 4.615413498258843e-15}