{"ASRT": 1.0667230770769415e-16, "ASXC": 6.932921727212127e-17, "BBAR": 1.4689605058562866e-15, "BBGI": 1.5052994954410337e-15, "BCH": 6.471192205699365, "ASMB": 4.210871635409029, "BIMI": 1.8042950821223923e-15, "BIOL": 1.6591205271883275e-15, "BMA": 5.0850757756650945e-16, "BW": 0.28305461195407583, "CCLP": 1.9222123336239745, "CDTX": 3.4700901863565404e-16, "CEI": 1.016791352616595e-15, "CHEK": 3.1610405544553277e-16, "CMCM": 1.1242826203856229, "CNSL": 2.026178839558904e-16, "CORR": 6.704755739802493e-17, "CPS": 1.9779761829059452e-15, "CRBP": 1.7729439173896302e-16, "DBVT": 2.7321124708762624e-16, "SONN": 1.975754908029118e-16, "DLNG": 1.408839980953442e-16, "DRN": 1.475474719158325e-16, "DXF": 7.564768766934625e-17, "EDN": 1.7305328477286548, "EFOI": 3.900933295815307e-16, "UA": 4.265839085680769, "FTK": 1.1159008201554939e-15, "GAU": 5.308719285209199e-16, "GDC": 3.0016265595967904e-15, "MPU": 4.877979160968339e-16, "HSTO": 1.343331300647646e-15, "SNCR": 2.80491478883487, "TOVX": 0.009841883719798938, "ICPT": 0.15167275597880264, "SCOR": 5.585946145381332, "OIS": 7.080711119196193e-16, "ZYNE": 1.5674224871090595e-15, "WHLR": 2.668107774990997e-16, "SGOL": 12.519187577721489, "VTVT": 1.852392637299672, "IPDN": 2.792008295963025e-16, "ARDX": 1.411419826470519e-16, "SIEB": 1.2121990840504908, "IRS": 2.2917221364257325, "SLRX": 0.1924501354488332, "SHIP": 1.0040498934160044e-15, "REI": 2.015124613632461e-16, "SLCA": 1.2675709800114067e-17, "ARAV": 2.344431666431634e-16, "SMMT": 6.390645219042018e-16, "ADT": 4.313923736344752e-16, "KOLD": 2.4900010456557227, "AQB": 0.5327063042433289, "LOV": 1.1149194813827092e-15, "LXRX": 6.285346917872326e-17, "MAC": 6.860620150337136e-16, "ADD": 0.6401231071213739, "XELA": 7.617123002428143e-16, "SPTM": 4.428624630385394, "AINC": 9.890874737026673e-16, "SPPI": 1.5637634919360883, "MHLD": 2.375123971642466, "SCO": 2.151986514076345, "QUAD": 1.769217837858757e-16, "ACOR": 8.558433762988555e-17, "SVRA": 0.025337787043327308, "NAK": 0.03119020520094372, "ACGN": 5.688700975208906e-16, "NAT": 2.7528171274202764, "NBY": 8.709417910312143e-16, "SWI": 3.5324989978014996, "NCMI": 1.590694753782607e-15, "NHTC": 3.42274360725838, "SUP": 1.7034073237297078e-16, "YRD": 2.0462019337845594e-15, "STGW": 7.642202748091464e-16, "SYBX": 1.01555673796533e-16, "ONCT": 4.694287816235189e-16, "TEDU": 1.5482849713715547, "OPTT": 0.11771163969321705, "PCG": 1.941826437301751, "TENX": 6.687344766293894e-16, "LTRPA": 2.225997713747178e-17, "AIRI": 1.6783027920531006e-16, "ABEO": 1.5223252430493336e-15, "AMRX": 0.8921237848070421, "AMRN": 0.5953625661536389, "TMF": 14.84629284703212, "PHX": 1.5420444504752588, "WVE": 3.976928834904476, "TEVA": 2.045057631713049e-16, "RAIL": 3.4001298600204537e-16, "AAOI": 1.4968968868906465, "AAMC": 0.005861156754668691, "TTOO": 7.923325012856071e-18, "AEZS": 1.0316338244260089e-15, "YANG": 0.6112652019814996, "AGRX": 1.3648618679148403, "TRIB": 1.4746413135571458e-17, "AAC": 0.1575450862803615, "RMTI": 1.6712269089494068e-16, "VBLT": 1.2543509102074506e-14, "RWLK": 0.32776499331123776}