{"ATRC": 7.2670149763299345e-16, "AZTA": 1.880477666906085e-15, "ASND": 0.47334144552529456, "BAH": 4.741706122478229e-15, "ASML": 1.426528240816723e-15, "BBW": 1.4558759732923195e-15, "BCC": 1.055083693444742e-15, "BGFV": 1.2614381309860949e-15, "BIO.B": 0.030412337224271013, "BLD": 5.344232211883222e-16, "BNSO": 4.849437466326399e-16, "BOOM": 2.209256693972847e-15, "BRKR": 5.525237122997925e-16, "BURL": 1.0630212645151184e-15, "BV": 1.6133984508086915e-15, "BYD": 1.2112791716851451e-15, "CAPR": 9.825844435453392e-16, "CARV": 3.176405972700232e-16, "CBRE": 7.289028209517135e-16, "CBZ": 1.3804020610466505, "CCJ": 2.8668625702419197e-15, "CCRN": 2.469306460949259e-15, "CDNS": 3.778421486890323e-15, "CDW": 1.9729414539213477e-15, "CDXS": 1.1708048694598193e-15, "ZBRA": 5.410681571419318e-16, "ZTS": 1.0367061621024143, "CEM": 2.04853449690028e-15, "CF": 2.8709834936048562e-15, "CG": 5.755182547932313e-16, "CHCI": 1.0120886089577145e-15, "CHE": 2.3105097900370923, "CIGI": 8.639399094485403e-16, "CLAR": 4.1084482125175986e-15, "CLF": 1.220833881629539e-15, "CLMT": 9.860522487675523e-16, "CLNE": 1.3790197323166817e-15, "CMG": 7.896021922002349e-16, "CNMD": 7.278963914829616e-16, "SBAC": 4.59030704162171, "CORT": 0.013851714441075443, "CPHI": 0.022390916868063666, "CPLP": 0.6149244292826408, "CPSS": 4.234926736422606e-16, "CRAI": 4.0275082069979786e-16, "CRK": 0.2741855973573077, "CRL": 5.325836584375859e-16, "CRM": 8.161038869590269e-16, "CRMT": 9.686648478055327e-16, "CSBR": 2.7553557813734887e-15, "CSIQ": 3.091457537193563e-16, "CTAS": 3.036996134989774e-16, "CTHR": 0.4076629069621594, "CTLT": 5.206903499001436e-16, "CTR": 1.3680102832336255e-15, "CURE": 2.3769645508200425e-16, "CUTR": 5.375166904567671e-16, "CUZ": 5.140911055769409e-16, "ALNY": 3.76563555015322e-15, "UPBD": 1.1203867463325995e-15, "CZR": 1.5841904539739116e-15, "DDD": 1.864063413936033e-16, "DE": 2.7530792467416916e-15, "DECK": 2.6799713391555285e-16, "TSLA": 1.1840928190626622e-15, "ALLT": 3.0631959608250756e-16, "TFIN": 5.819089656886753e-16, "DG": 4.892650105498644, "DGII": 8.7416851070393e-16, "DHI": 7.749149266066071e-16, "DIG": 7.349840925847491e-16, "DIOD": 1.1100653640027889e-15, "DKS": 1.2947284634081048e-15, "DLHC": 8.526691294859959e-16, "DNN": 1.004180736276684e-15, "DOG": 4.024091072327559e-15, "DPZ": 2.565734271513424, "DRD": 1.3461808267904221e-15, "DX": 4.980931114870641e-16, "DXD": 1.9951133942783534, "ZG": 1.000551561365078e-15, "EBS": 5.889800291715714e-16, "EDAP": 1.904300927766814e-15, "EGAN": 0.3185676869759366, "ELLO": 1.0438937785849462e-15, "ELMD": 2.418812600289625, "ELTK": 4.909116328331028e-15, "ELV": 5.218746419380681e-16, "EMO": 1.4996331071964243e-15, "EMX": 6.085705779956253e-16, "ENSG": 1.7362094801365029e-16, "ENVA": 1.1959907301754634e-15, "ERII": 7.72982155886829e-16, "ERX": 1.9725248100316628e-15, "EVA": 1.1905439552767747e-15, "EVER": 1.1340083572348964e-15, "EVRI": 6.770672099963651e-16, "EXAS": 1.3092302452146874e-15, "EXLS": 3.4059994477809803e-15, "EXTR": 2.2622641792230893e-16, "FAS": 7.177692874154379e-16, "FBGX": 1.030643763966187e-15, "FCN": 5.4697900077564565, "FCX": 1.4225325929013478e-15, "FICO": 8.460777857379189e-16, "FIVE": 6.926175833501272e-16, "FLWS": 9.984770249460346e-16, "FN": 1.4340708331160955e-15, "FORM": 6.682805466647649e-16, "FORTY": 5.682400402616406e-16, "FOXF": 6.801645741538869e-16, "FSK": 8.247482430710571e-16, "FSV": 3.60424585880988e-15, "FTEC": 1.7771369994158695e-15, "FXL": 3.4450922254914563e-16, "GENE": 1.2593018668446108e-15, "GFI": 8.379447070800871e-16, "GHI": 3.342873378021728, "GLDD": 2.9777885209941968e-15, "GNK": 1.6514773375007552e-15, "GOGL": 1.7824371591216022e-16, "GOGO": 0.5174501484814524, "GPI": 1.1578914825827135e-15, "GRBK": 9.304673541621857e-16, "GREK": 1.1790991339218397e-15, "GRMN": 3.2594876800775096e-15, "GROW": 5.252906125363195e-17, "GTLS": 1.3484177191755356e-15, "GURE": 2.349075364378163e-15, "HAE": 1.968258293993062, "HALO": 7.654943312855546e-16, "HASI": 7.966603840895166e-16, "HCA": 1.0256088301223568e-15, "SQNS": 5.889286420082751e-16, "XBIT": 1.9874403520993306e-16, "HIBB": 4.244368825641296e-16, "HLI": 4.4302319836139365e-15, "HLIT": 9.863529264186877e-15, "VGT": 1.3793780227766481e-15, "RMD": 2.4884817364932936, "HMY": 2.072498439044939e-16, "WWE": 1.3033311259428523e-15, "HRI": 1.0349476816356682e-15, "HROW": 2.3397528419219134, "PSI": 9.21691516664819e-16, "BLRX": 3.219584779906575e-15, "VOXX": 7.126704262733197e-16, "SEAS": 6.740641113629919e-16, "IAU": 2.3154114552494745e-18, "IBP": 9.302507357156163e-16, "SB": 0.23544254155054642, "ICLN": 4.843634095400948e-16, "VNCE": 1.4128474632321305e-15, "ARKQ": 9.008523755247004e-16, "ARKK": 9.705849968172168e-16, "ARKG": 1.3722400631929707e-15, "VTOL": 8.546032654004943e-16, "KKR": 7.761723928839362e-16, "UONEK": 6.20448615051976e-16, "VUZI": 6.468230532728813e-16, "ALGN": 1.1212940282352418e-15, "GPRK": 1.545901080774208e-16, "QCOM": 4.799402690203432e-16, "IGLD": 6.698924512554095e-16, "IGV": 2.9461079258947517e-15, "SGRY": 1.5353564317630895e-15, "QLYS": 2.2834389580114864e-15, "NUE": 1.1103569179635247e-15, "USIO": 6.278337786285274e-16, "NXG": 1.2000453931571078e-15, "GDEN": 2.019965397883419e-15, "SMDD": 1.8877939028121387, "ARES": 8.522501360111997e-16, "IPO": 8.269564147863798e-16, "ALB": 4.086664600120508e-16, "SHYF": 1.3207416942259377e-15, "SID": 3.3683043981656037e-16, "SMCI": 5.444672890157755e-16, "SIFY": 1.3954456438909075e-15, "IRMD": 4.065616087156653e-15, "IRT": 2.086466358937224e-15, "ISDR": 0.4420151183847846, "ITCI": 8.373202915921828e-16, "QTEC": 8.884589456018167e-16, "ODFL": 8.535926872553799e-16, "WILC": 1.0035283864138531, "RMBS": 7.94542347196771e-16, "ARCB": 3.070146719045796e-16, "AMZA": 2.415340752356428, "WPRT": 1.2003518605537138e-15, "VSTO": 5.597606626701957e-15, "ADUS": 0.4140879101403666, "WSM": 1.3217727075761506e-15, "ISSC": 0.5459537339190869, "IT": 7.239319096875047e-16, "OMCL": 2.6809528911980016e-16, "ONTO": 8.923006648533425e-16, "IDXX": 6.763843342655706e-16, "KAI": 9.395892619940241e-16, "KALV": 0.01650644152167622, "KDNY": 0.9420715449678709, "HZO": 7.472013926143604e-16, "KEN": 9.125032551612153e-16, "KEYS": 7.26752948169335e-16, "KFRC": 9.314480137559456e-16, "KLAC": 1.0400967998892647e-15, "KLIC": 5.697899976368188e-16, "HSKA": 7.227430317128531e-16, "SKY": 3.197919112471242e-16, "ADSK": 1.092161151047126e-15, "IQV": 6.433184305638688e-16, "AIQ": 2.1294609871623028e-15, "PFSI": 9.75301393918804e-16, "KTOS": 4.231876919027695e-16, "KURA": 8.029506725467809e-16, "SMOG": 9.03778074480753e-16, "APYX": 0.46249689407919026, "AJG": 3.3246856730799474, "SNOA": 4.59551523474357e-16, "PLD": 4.651910251267673e-15, "ORLY": 2.2088452893128273e-15, "ORMP": 6.246331762891585e-16, "SBSW": 1.4249727284608251e-15, "LGIH": 1.5314288651017395e-15, "LGL": 2.4768144000631485, "SMH": 1.3108435574902238e-16, "UPLD": 2.8481332708813087e-16, "LLY": 3.6377832688806544, "LNW": 1.2075338900920413e-15, "LOB": 9.701015733183758e-17, "LOGI": 4.0283581358720846e-16, "JD": 0.8140214749182799, "FSLR": 1.260200194877811e-15, "LOW": 6.650331556245451e-16, "LPLA": 3.0910462923052495e-16, "LQDT": 1.0783846080170144e-15, "LRCX": 8.372695317790857e-16, "LRFC": 1.2049445801049345e-15, "LULU": 6.646136987130103e-16, "SPLK": 6.089934472935731e-16, "SPLP": 1.6854414746846328e-16, "LUNA": 6.674205539086756e-16, "SPB": 8.133490405204987e-16, "SRV": 8.991310376988964e-16, "LYV": 6.66282183663647e-16, "MA": 3.3365329847509192e-15, "MANH": 1.2353114663512137e-15, "MARPS": 3.569492957307244e-16, "WCC": 1.1987811719404847e-15, "MATX": 9.271011985984655e-16, "ADBE": 4.1699735225003005e-16, "APO": 1.4991838922576463e-15, "MBUU": 1.3605872490824634e-15, "RPD": 2.841063838475557e-16, "WING": 9.288406511930914e-16, "LPX": 1.3458926918458706e-15, "MCO": 3.1306771439592557e-16, "MED": 1.205527736529358e-15, "MFIC": 1.0172435001462835e-15, "MGIC": 2.552734835901573e-16, "SPWR": 4.912931374877634e-16, "SPXC": 8.522396649796027e-16,