{"ASPS": 7.919592435197071e-17, "ATHE": 2.419297579442904e-17, "ATRA": 2.1841667723585125e-16, "AVTX": 9.78654527311745e-17, "BDRX": 0.08160268782264415, "BHC": 0.47318418260978745, "ASM": 0.0310880735593299, "BRFS": 6.935646682598534e-17, "BSQR": 5.1479447548682494e-17, "BTCM": 0.21908487872867335, "BTI": 1.6562091956915221, "TUP": 5.4045062933727625e-18, "BZQ": 0.023077721773275578, "CAMP": 4.2726122477920105e-17, "CATO": 4.5133001242787847e-17, "CBAY": 9.26810857472616e-17, "CBD": 0.22016174418070752, "CCL": 1.6897068365440516e-16, "YVR": 0.0940003436319155, "CLIR": 1.3416903861448582e-16, "CLLS": 3.406088138969637e-17, "CNK": 4.76214397306026e-18, "COMM": 4.0466553873134925e-17, "COTY": 4.432452054670847e-17, "CRESY": 1.7276561951006827e-16, "CSTE": 1.8697577911424563e-16, "CTMX": 0.04542087009566709, "CUK": 1.8784950707650513e-17, "CULP": 7.779325305331227e-17, "CXW": 3.526295793863287e-17, "DARE": 2.9487188205070733e-16, "DES": 2.315821126792477e-16, "DGLY": 0.387529587098459, "DHX": 4.241805724030284e-17, "DON": 0.0012418331685388527, "SIJ": 3.808598936171317e-16, "SIG": 5.370432191166549e-17, "DUG": 0.5542989353328179, "DWSN": 4.942494287138582e-17, "DXLG": 0.05876081888369808, "DXYN": 0.6060754783094184, "DYNT": 0.3583154414676321, "EDZ": 0.060731164302898696, "EEV": 0.7861586871016549, "EFO": 0.9647637812755837, "EFU": 7.125221335779742, "EPV": 7.1546090216803835, "EQT": 7.791897942985549e-17, "ESPR": 2.2222838287349924e-18, "EVGN": 1.537203230177298e-16, "EVOK": 1.2449188892884353e-17, "EWV": 7.683156957109098, "EZJ": 1.865693008773242, "FAZ": 0.10339481725890667, "FGEN": 6.240728071589741e-17, "FGH": 0.8236528858449008, "FRBK": 2.1938391634678654e-16, "FRGI": 2.8104690506697935e-17, "FSP": 0.23871374585148572, "GEL": 2.916246814829672e-17, "GEO": 7.608767578029178e-18, "GIFI": 0.359089487289977, "GLL": 2.3413621960617474, "GLMD": 1.1487402950322201e-16, "GLPG": 0.010017963438522728, "GLRE": 8.395981848457852e-17, "GOL": 0.05587152529683908, "GSAT": 4.614992778141828e-17, "GT": 3.494063967218884e-17, "HALL": 1.3310819313999567, "HDSN": 4.9520366824017063e-17, "SCC": 4.5362669760862655, "UBR": 5.216067517056092e-17, "HNNA": 1.3395042143872393, "VIA": 1.2732273150123148e-16, "TIO": 0.09387098797637773, "HOUS": 5.788805010890327e-17, "HRTX": 1.6115702872104307, "SCTL": 0.16598269522997078, "HTGM": 3.093454222661223e-17, "HTHT": 2.6020852139652106e-16, "ARLP": 2.03553937118222e-17, "SABR": 2.900611354863485e-17, "SEAC": 1.0314399458145738, "IBB": 0.06577589049269197, "RXD": 0.9195972443877712, "FLNT": 1.889569584429631e-17, "SD": 0.016995784850125616, "VYGR": 1.1859658290286066e-16, "IJK": 0.2323133349125442, "ILCG": 4.366497345859525e-17, "IMNN": 0.05982292804896046, "INGN": 5.405289210540666e-17, "OGEN": 0.11458083230193834, "INO": 6.277088075489454e-17, "SPMD": 1.3064981157505287e-16, "SIEN": 6.97076560636312e-18, "SLYG": 5.0116018121510853e-17, "ISCG": 1.5411039047209048e-17, "TRUE": 7.818274048632216e-17, "ITP": 0.11171669102109753, "ITUB": 0.011757378276003722, "OCX": 1.7644634681185534e-16, "IVR": 9.117720353393729e-17, "SDP": 1.2211148815618597e-16, "SDPI": 5.677947538116492e-17, "IWR": 0.9401844023646131, "IYC": 2.2912457644751236, "SKF": 1.409553360948743e-16, "TV": 0.015497765095231982, "GTE": 3.710401466915446e-17, "RRC": 3.0416311667414385e-17, "ITCL": 3.3559976152916582e-18, "AR": 5.878412963967913e-19, "IMCG": 6.105447515502356e-17, "UNAM": 2.0162580481997403, "OPK": 2.643713027971987e-17, "KAR": 9.16917317935899e-17, "KDP": 2.7647155398380363e-16, "KEP": 3.1242925310506773, "SKT": 1.7437220312017924e-17, "KHC": 0.009503461799887642, "VEON": 1.9396037944021143, "UNIT": 2.2234693624916195e-16, "KYN": 1.4722353404006794e-17, "LAB": 2.27232679097129, "LABU": 2.814045873630899e-17, "KINS": 6.925759757076822e-17, "KIRK": 1.1657370816151887e-16, "ADMA": 8.52179372458454e-17, "LUMN": 3.009247931563204e-17, "LUMO": 1.889223358250883, "LXU": 1.0815626233814731e-16, "AIV": 2.169089410129985, "ADAP": 9.344608580696466e-17, "KIE": 0.618668508505001, "MCRB": 1.295059637023616e-17, "MD": 6.71848096086894e-18, "MDWD": 7.652815328990906e-17, "MDXG": 0.05495146441987904, "MDYG": 0.001226171476306196, "PAA": 3.350162242742481e-17, "SPLG": 2.0535458212656435e-16, "ACST": 0.06274615645684835, "XELB": 3.9281163818012395e-17, "SPYV": 2.0839650944332606e-16, "MIND": 8.765587447462422e-17, "PAGP": 6.910627597966998e-18, "MITT": 1.7590450102660458, "ACRS": 6.578531681557501e-18, "SMN": 0.40894502920598663, "MNOV": 0.3597377121284219, "VBIV": 3.329908768843995e-17, "SRS": 1.7409540458441384, "HRTG": 9.496720890506421e-17, "VNO": 6.583120959308509e-18, "SRG": 2.6575680389566743e-17, "LTL": 8.238708584707937e-17, "STAF": 2.814550356171591e-16, "PRGO": 1.0516061076685122e-16, "RIBT": 1.6371077843931804e-16, "XIN": 0.08656490907042254, "ACGL": 0.22481164881818735, "ICE": 2.7278706166294753, "NCLH": 3.048055928609486e-17, "APA": 8.136279751025437e-18, "AP": 4.964448921260372e-17, "MRIN": 1.451570185156263e-16, "NEE": 3.0357206807554946, "NEXT": 0.46603039977584254, "NGD": 3.230631838249147e-17, "NGS": 1.006903922158389e-17, "PDSB": 0.021771849262093693, "NLS": 0.37258969398893876, "NS": 6.473406105661467e-17, "SVXY": 0.3229313436584515, "NTES": 1.1702930883440348, "XNET": 0.014436121487405303, "NOV": 8.47251951516294e-18, "TCON": 1.3783126574572965e-16, "TCRT": 7.953538216827149e-17, "NWL": 0.13721561706071844, "TANH": 0.005725767148173693, "NYMX": 1.3688531071536426e-16, "WHG": 0.28288546315366164, "NC": 0.5504180072917253, "PRQR": 1.4532806821038872e-17, "PBPB": 2.5376418210016184e-17, "CPG": 3.193565986451209e-17, "HSIC": 2.147142076662397, "ACRX": 0.04176031329660934, "TEO": 1.9535114202398807e-16, "PSQ": 5.9992873736085865, "TESS": 1.1366240079410301, "SPYG": 2.656295322589486e-16, "PAM": 0.49411045906782314, "TGS": 0.5014355514685251, "TREE": 1.2371747600489675, "PXJ": 8.949425235107407e-19, "PXS": 6.215520557732506e-17, "AAU": 7.330752963325216e-17, "MG": 2.017521562759042e-17, "ONEQ": 4.89278217461835e-17, "MJ": 3.418324916550266e-17, "WULF": 0.17613062506680005, "PRA": 1.208119150624148, "TELL": 1.553253976351281e-16, "TPHS": 7.162359438619011e-17, "RAVE": 1.3786127155006773, "TBPH": 1.456165027351029, "WW": 1.6580050590205202, "KORU": 0.6073711784973059, "SAGE": 0.9782770779446713, "AAL": 0.0017197196620254564, "UIHC": 1.2748255974404181e-16, "AAIC": 4.557932908692196e-19, "XWEL": 1.9252885032060145e-17, "TWOU": 1.4051255179802185, "TXMD": 8.765938051002621e-17, "USAP": 5.762289907386213e-18, "AACG": 4.9472703062676216e-17, "USD": 2.292571597922059, "XPRO": 0.09923650394992913, "UVXY": 0.0636011610848623, "MDGS": 5.926401195569244e-17, "OXBR": 9.12553223093678e-17}