{"ASUR": 1.0512101311420245e-16, "ATHM": 0.05712564473769233, "ATHX": 2.3895861812184837e-17, "ATNI": 0.4677764580116107, "AUMN": 1.5258627573506627e-16, "AXL": 5.752583024656467e-17, "AYI": 0.19509541828974059, "BA": 1.4571698219449938e-17, "BBDC": 1.5807468029333651e-18, "BELFB": 1.617906210518189e-17, "BFIN": 0.06723772272564528, "BFS": 3.671822920950553e-17, "BGS": 4.0419074072750384e-17, "BGSF": 2.1250226070695783e-17, "BIS": 0.887318188383221, "BITE": 1.1758999437302724, "BJRI": 3.257714159829616e-17, "BKCC": 1.0938176715296196e-17, "BKTI": 0.006509599611568672, "BP": 4.498297475280295e-17, "BRID": 0.4044030846479825, "BSBR": 1.1525187767551268e-17, "BSET": 0.10004641839885624, "BSM": 5.0788891864118105e-17, "BVN": 0.0050602410100059805, "BWX": 0.713132246371467, "SANW": 8.880547687714684e-17, "CAAS": 1.1961703630233604e-16, "CAH": 0.4002498865890877, "CAKE": 8.99534154520539e-18, "CAL": 4.91027512111049e-17, "CANE": 0.3886997908189528, "CARA": 0.10758131368309122, "CATX": 1.3838640056232213e-17, "CCM": 0.1952009830516504, "CCV": 1.824815087610757, "CDE": 4.4825898129223e-17, "CECO": 8.168747027540768e-17, "UNFI": 5.912182579010615e-18, "CENX": 0.17265800191140324, "CHMI": 3.123453233902991e-17, "CHRS": 5.3187664908962656e-17, "CIA": 1.3511655519458723, "CJJD": 0.35547635915897186, "CLDT": 1.857934083697946e-17, "YXI": 3.3492647539208926, "YY": 1.3134625624444885e-17, "CLW": 0.15555789556585833, "CMF": 0.2592251520142307, "CMPR": 3.285794969054945e-17, "CMRX": 6.479594054861155e-17, "CMT": 1.2309802225621181e-17, "CMTL": 8.323426349267477e-18, "CNC": 0.7684914171787645, "CNVS": 5.175855588816667e-17, "CONN": 5.4722059075041085e-18, "UNM": 0.050688652339261474, "CP": 1.9394925838254857, "CPA": 5.322434326468816e-19, "CPIX": 0.7490738850370472, "CRF": 1.2412565645679873e-17, "CRS": 4.478255888611436e-19, "CRT": 1.5815383363504828e-17, "CS": 1.84006679883268e-18, "CSX": 0.011632905528503466, "CTSO": 1.4974523939298707e-18, "SPAB": 0.4632957540098087, "CVE": 2.6960222912854646e-17, "CVI": 0.027234075409525774, "CXSE": 0.03208540210103529, "CYAN": 0.7091388063616666, "DAIO": 2.111955997388769e-17, "DAKT": 1.8724531493723753e-17, "DALN": 0.1501634590429178, "DB": 0.005018892751287048, "DDM": 0.014462449198167356, "SBGI": 7.232329463647819e-17, "SZK": 1.0040337575007352, "DGZ": 2.062197206427253, "DINO": 0.013891230860509484, "DISH": 5.620266247770823e-18, "DLX": 3.4902405260305914e-17, "DMO": 0.07448942102805502, "DRQ": 3.451053503678211e-17, "DRRX": 7.283450860513281e-17, "ORAN": 0.9852797673035396, "DVAX": 0.27269228425796843, "DVN": 2.2418283552645592e-17, "DZZ": 1.9611081265456674, "ASC": 0.001296774434413555, "ECH": 0.014302342570720645, "EDF": 7.293072363770973e-17, "EDI": 3.7192007083470197e-17, "EDUC": 0.6379918156202968, "EFZ": 3.5806600984757573, "EGHT": 3.870402127094981e-18, "EGIO": 0.1947418137596037, "EGRX": 0.6726501253316921, "EIGR": 2.0299079673976664e-16, "ELP": 0.4959250875026212, "ENR": 7.788983124675554e-17, "ENTA": 0.5511031429632319, "EPM": 1.7581046880591236e-17, "EPR": 2.007657503933387e-17, "EPS": 0.007883479038596741, "ERF": 1.1063641009038499e-17, "ERJ": 0.11481904611075243, "ESBA": 7.946207962378354e-18, "ESP": 1.0861196993925344, "ET": 1.8049539422786783e-18, "ETD": 3.2737652146254955e-18, "EUM": 3.627891512370305, "EVC": 8.823022844200324e-18, "EVI": 0.06049974567194453, "EW": 0.008177093764621135, "EZPW": 3.572142122833681e-17, "FDEU": 2.3422491728440363e-18, "FDP": 0.4524699548204063, "FEI": 7.25894307033153e-18, "FEN": 7.971924136989403e-05, "FF": 0.3814228536262844, "FGF": 0.19982153808761957, "FIZZ": 2.0711895757480018e-18, "FLAG": 0.36890980280631314, "FLS": 2.195459840188755e-17, "FLXS": 1.9493056286934802e-17, "FMS": 0.023885241715280964, "FPL": 2.1804105551171535e-18, "TYO": 1.5505298035316455, "FTF": 0.5558595430922153, "FXP": 1.3786878955208343e-16, "GAIA": 0.2564533393261487, "GBLI": 0.6221608594893537, "GDOT": 0.001311638979176113, "GHL": 0.5068420813879314, "GHM": 2.524192621346611e-17, "GIII": 2.137635293510196e-17, "GLIN": 0.19132942161780306, "GLNG": 8.131516293641283e-18, "GLT": 1.1047945355442829e-17, "GORO": 0.0377033524155043, "GPRO": 3.901128685809128e-18, "GPS": 2.4036537780902404e-17, "GSIT": 1.3751108849037066e-19, "SRCL": 5.095778494698742e-18, "GVA": 8.726322696098133e-18, "GYRO": 0.34859696872897433, "HBI": 0.0018325289104341, "HCSG": 0.13579204019404947, "RPT": 2.94114966672945e-17, "HEP": 8.380809329738435e-19, "HHC": 1.8134366226876707e-17, "HIHO": 0.8939877197398454, "HOG": 2.3201276012279485e-17, "HOMB": 1.0807880089448453e-17, "HPE": 1.4508802374803196e-17, "HPP": 1.0421956673177615e-17, "HSBC": 0.11016574065381794, "HT": 3.074419665534416e-17, "HTY": 6.741385612729774e-18, "SDEM": 2.0574835556152123e-18, "UFCS": 0.004986405531988618, "SDIV": 2.972503081116769e-17, "PLAY": 1.067551868462273e-18, "ALK": 2.233307213857976e-17, "MYGN": 9.254739430446369e-18, "OXSQ": 2.498127016703084e-18, "HY": 1.3899923569401722e-17, "SGMA": 0.3931622713178407, "UWM": 1.5667358319603452e-18, "SEF": 1.8504006430611781, "IAG": 0.04587646787037958, "VSAT": 7.355683475210001e-18, "ICF": 0.36695367749191954, "SBB": 4.6253486338637435, "AGNC": 2.6338839385365022e-17, "ZSL": 0.07024673056811115, "ICMB": 8.083733006396177e-18, "FLIC": 0.40097154163150317, "VNRX": 0.01587883814250761, "SAN": 1.4277878753859256e-17, "SFE": 8.209084869857466e-18, "SFL": 1.2370016237373746e-17, "NOAH": 0.3888918979434791, "SGA": 0.30574671799591313, "UPW": 0.28028668526051315, "SDD": 0.21908679266337788, "GASS": 5.463494542000397e-19, "IGOV": 1.2859472168702608, "QID": 9.196181133596145e-18, "QLD": 0.19350036727518052, "ILCB": 1.1436142687807567e-17, "IMCB": 2.6397947080100166e-18, "IMCV": 5.0438491644749735e-18, "IMGN": 0.09126545941352864, "ARI": 4.936802989866834e-18, "INFN": 4.662192710613354e-17, "GRFS": 0.8026493232454073, "ING": 8.419794136784616e-19, "ARGO": 0.01709350511093154, "NVFY": 0.06584564887643411, "INGR": 0.6488062202615182, "INN": 2.286107381674333e-17, "NWLI": 0.2679899668767996, "TNL": 1.854757573533548e-17, "SHW": 0.055729198139525975, "WBA": 0.03087559176617199, "WF": 0.06266699401246364, "IONS": 0.010875029105587552, "RTX": 0.11848753166217588, "WES": 1.553673511669663e-17, "IR": 1.4898586704323639e-18, "ISCB": 5.276610852885886e-18, "SLY": 1.2226908506522873e-17, "ISCV": 7.028101938067165e-18, "SCX": 2.8604512669575845e-17, "ITRN": 8.62768346742149e-18, "CYD": 0.10910794788385447, "VIXY": 0.10596830256727578, "IVW": 0.007729933632402522, "IXN": 0.1674570546039294, "IYW": 0.18189061206510945, "AKO.B": 0.6885697123611112, "AKO.A": 0.8796701194258026, "ARC": 1.745341227471191e-17, "JBLU": 1.3940683911441994e-17, "JCTCF": 1.1462972234614288, "IAC": 0.08024275625590822, "JETS": 2.3856762899408062e-17, "SJT": 1.2759162273838184e-18, "SIF": 0.4014826492065492, "SKYW": 3.84080222331843e-17, "SLG": 4.156496468651887e-18, "ISTB": 1.6575637697865082, "ITA": 0.0715988639916428, "WSR": 3.167188432447846e-18, "WT": 9.057400778939658e-18, "ARAY": 3.8534047363909377e-17, "IUSV": 0.020582218436328605, "IVAC": 1.504935212002675e-17, "SLYV": 7.264941463201113e-18, "IVZ": 2.2086963926640982e-17, "VOD": 0.029073689447080383, "UNB": 0.03152072570263348, "VONG": 1.12335661749436e-18, "KFS": 1.00335332126878, "HSC": 1.523640011523593e-17, "KNDI": 9.319587472877791e-18, "SU": 9.167893348907711e-18, "VHC": 4.7039633241028436e-17, "KSS": 1.0261483996024608e-17, "USNA": 0.20510002149967038, "KXI": 1.5850435638507323, "APWC": 1.7874953910933972e-17, "LBTYA": 0.011565161520246774, "LCUT": 3.1454267556354794e-17, "SBRA": 1.6975223219611707e-17, "LFT": 6.050196705817613e-18, "LFVN": 0.2100419183365989, "LGND": 0.024205139655839463, "LL": 1.3871356881710009e-18, "VLRS": 2.7020753426661522e-17, "GGG": 0.0006720160063401614, "KRO": 0.15088232866787232, "LMNR": 0.0016733209744854336, "SNT": 0.1562995132551803, "FSM": 1.2779936270754271e-17, "VATE": 2.286297159056959e-18, "LPL": 0.002084323795083905, "LPTH": 0.3935880447452834,